150013,-
150017,-
150021,-
150023,-
150029,-
150031,-
150035,-
150040,-
150042,-
150048,-
150052,-
150054,-
150056,-
150058,-
150065,-
150067,-
150084,-
150086,-
150089,-
150091,-
150093,-
150095,-
150097,-
150101,-
150105,-
150107,-
150109,-
150113,-
150118,-
150124,-
150131,-
150134,-
150136,-
150139,-
150141,-
150142,-
150146,-
150147,-
150149,-
150151,-
150153,-
150154,-
150156,-
150158,-
150160,-
150161,-
150165,-
150168,-
150170,-
150172,-
150174,-
150176,-
150178,-
150180,-
150182,-
150185,-
150191,-
150193,-
150195,-
150197,-
150199,-
150201,-
150204,-
150206,-
150210,-
150212,-
150216,-
150218,-
150220,-
150222,-
150228,-
150230,-
150232,-
150234,-
150244,-
150246,-
150252,-
150256,-
150258,-
150260,-
150262,-
150264,-
150266,-
150270,-
150272,-
150274,-
150276,-
150278,-
150280,-
150282,-
150284,-
150288,-
150296,-
150300,-
150302,-
150304,-
150306,-
150308,-
150310,-
150312,-
150316,-
150318,-
150330,-
150332,-
150336,-
